{
    "id": 1,
    "similarity": 92.49,
    "worst_time": 42.6550566893424,
    "best_time": 7.592925170068027,
    "time_length": 5
}